Workbook

Sheet דצמבר 12
B3: תקציב חודשי
L5: סך הכל
B6: הוצאות קבועות | G6: הוצאות משתנות | L6: תקציב | M6: הוצאות בפועל | N6: יתרת תקציב
B7: הוצאות | C7: תקציב | D7: הוצאות בפועל | E7: יתרת תקציב | G7: הוצאות | H7: תקציב | I7: הוצאות בפועל | J7: יתרת תקציב | L7: =sum(C40,H40) -> 7957 | M7: =sum(D40,I40) -> 14042 | N7: =L7-M7 -> -6085
B8: דיור | G8: דיור
B9: שכר דירה \ משכנתה | C9: 2500 | D9: 2500 | E9: =C9-D9 -> 0 | G9: חשמל | H9: 130 | I9: 0 | J9: =H9-I9 -> 130
B10: ארנונה | C10: 0 | D10: 0 | E10: =C10-D10 -> 0 | G10: מים | H10: 0 | I10: 0 | J10: =H10-I10 -> 0
B11: ועד בית | C11: 0 | D11: 0 | E11: =C11-D11 -> 0 | G11: גז | H11: 0 | I11: 0 | J11: =H11-I11 -> 0 | L11: משכורת | N11: 13236
B12: סך הכל דיור | C12: =sum(C9:C11) -> 2500 | D12: =sum(D9:D11) -> 2500 | E12: =sum(E9:E11) -> 0 | G12: תחזוקת בית | H12: 0 | I12: 0 | J12: =H12-I12 -> 0
B13: חיוניות | G13: סך הכל דיור | H13: =sum(H9:H12) -> 130 | I13: =sum(I9:I12) -> 0 | J13: =sum(J9:J12) -> 130
B14: ביטוח רכב | C14: 0 | D14: 244 | E14: =C14-D14 -> -244 | G14: חיוניות
B15: ביטוח בריאות | C15: 0 | D15: 0 | E15: =C15-D15 -> 0 | G15: מזון לבית | H15: 1400 | I15: 1401 | J15: =H15-I15 -> -1
B16: הלוואות | C16: 0 | D16: 0 | E16: =C16-D16 -> 0 | G16: ביגוד והנעלה | H16: 200 | I16: 232 | J16: =H16-I16 -> -32 | L16: תזרים חודשי | N16: =N11-L7 -> 5279
B17: מנויים | C17: 26 | D17: 0 | E17: =C17-D17 -> 26 | G17: קוסמטיקה | H17: 150 | I17: 0 | J17: =H17-I17 -> 150
B18: דמי כרטיס | C18: 0 | D18: 0 | E18: =C18-D18 -> 0 | G18: תספורות | H18: 0 | I18: 0 | J18: =H18-I18 -> 0
B19: אינטרנט | C19: 141 | D19: 141 | E19: =C19-D19 -> 0 | G19: סופר פארם | H19: 150 | I19: 502 | J19: =H19-I19 -> -352
B20: טלוויזיה | C20: 0 | D20: 0 | E20: =C20-D20 -> 0 | G20: סך הכל חיוניות | H20: =sum(H15:H19) -> 1900 | I20: =sum(I15:I19) -> 2135 | J20: =sum(J15:J19) -> -235
B21: טלפון | C21: 0 | D21: 0 | E21: =C21-D21 -> 0 | G21: מותרות | L21: תזרים חודשי בפועל | N21: =N11-M7 -> -806
B22: אפליקציות | C22: 0 | D22: 0 | E22: =C22-D22 -> 0 | G22: אוכל בחוץ | H22: 600 | I22: 222 | J22: =H22-I22 -> 378
B23: גנים | C23: 0 | D23: 0 | E23: =C23-D23 -> 0 | G23: בילויים | H23: 150 | I23: 0 | J23: =H23-I23 -> 150
B24: קורסים | C24: 0 | D24: 0 | E24: =C24-D24 -> 0 | G24: אירועים | H24: 0 | I24: 0 | J24: =H24-I24 -> 0
B25: חסכון חודשי | C25: 0 | D25: 0 | E25: =C25-D25 -> 0 | G25: מתנות | H25: 0 | I25: 0 | J25: =H25-I25 -> 0
B26: השקעות | C26: 0 | D26: 0 | E26: =C26-D26 -> 0 | G26: סך הכל מותרות | H26: =sum(H22:H25) -> 750 | I26: =sum(I22:I25) -> 222 | J26: =sum(J22:J25) -> 528
B27: תחבורה ציבורית | C27: =210 -> 210 | D27: 254 | E27: =C27-D27 -> -44 | G27: רכב ותחבורה
C28: 0 | D28: 0 | E28: =C28-D28 -> 0 | G28: סגריות | H28: 0 | I28: 0 | J28: =H28-I28 -> 0
C29: 0 | D29: 0 | E29: =C29-D29 -> 0 | G29: דלק | H29: 0 | I29: 0 | J29: =H29-I29 -> 0
C30: 0 | D30: 0 | E30: =C30-D30 -> 0 | G30: אחזקת רכב | H30: 0 | I30: 0 | J30: =H30-I30 -> 0
C31: 0 | D31: 0 | E31: =C31-D31 -> 0 | G31: דוחות | H31: 0 | I31: 0 | J31: =H31-I31 -> 0
C32: 0 | D32: 0 | E32: =C32-D32 -> 0 | G32: חניה | H32: 0 | I32: 0 | J32: =H32-I32 -> 0
C33: 0 | D33: 0 | E33: =C33-D33 -> 0 | G33: סך הכל רכב ותחבורה | H33: =sum(H28:H32) -> 0 | I33: =sum(I28:I32) -> 0 | J33: =sum(J28:J32) -> 0
C34: 0 | D34: 0 | E34: =C34-D34 -> 0 | G34: חינוך והשכלה
C35: 0 | D35: 0 | E35: =C35-D35 -> 0 | G35: ספרים | H35: 0 | I35: 0 | J35: =H35-I35 -> 0
C36: 0 | D36: 0 | E36: =C36-D36 -> 0 | G36: שכר לימוד | H36: 2300 | I36: 2785 | J36: =H36-I36 -> -485
C37: 0 | D37: 0 | E37: =C37-D37 -> 0 | G37: לימודי נדל"ן | H37: 0 | I37: 5600 | J37: =H37-I37 -> -5600
C38: 0 | D38: 0 | E38: =C38-D38 -> 0 | G38: נהיגה | H38: 0 | I38: 161 | J38: =H38-I38 -> -161
B39: סך הכל חיוניות | C39: =sum(C14:C38) -> 377 | D39: =sum(D14:D38) -> 639 | E39: =sum(E14:E38) -> -262 | G39: סך הכל חינוך והשכלה | H39: =sum(H35:H38) -> 2300 | I39: =sum(I35:I38) -> 8546 | J39: =sum(J35:J38) -> -6246
B40: סה''כ קבועות | C40: =sum(C12,C39) -> 2877 | D40: =sum(D12,D39) -> 3139 | E40: =sum(E12,E39) -> -262 | G40: סה''כ משתנות | H40: =sum(H13,H20,H26,H33,H39) -> 5080 | I40: =sum(I13,I20,I26,I33,I39) -> 10903 | J40: =sum(J13,J20,J26,J33,J39) -> -5823

Sheet ינואר 1.26
B3: תקציב חודשי
L5: סך הכל
B6: הוצאות קבועות | G6: הוצאות משתנות | L6: תקציב | M6: הוצאות בפועל | N6: יתרת תקציב
B7: הוצאות | C7: תקציב | D7: הוצאות בפועל | E7: יתרת תקציב | G7: הוצאות | H7: תקציב | I7: הוצאות בפועל | J7: יתרת תקציב | L7: =sum(C40,H40) -> 10755 | M7: =sum(D40,I40) -> 9913.5 | N7: =L7-M7 -> 841.5
B8: דיור | G8: דיור
B9: שכר דירה \ משכנתה | C9: 2500 | D9: 2500 | E9: =C9-D9 -> 0 | G9: חשמל | H9: 130 | I9: 160 | J9: =H9-I9 -> -30
B10: ארנונה | C10: 0 | D10: 0 | E10: =C10-D10 -> 0 | G10: מים | H10: 120 | I10: 108 | J10: =H10-I10 -> 12
B11: ועד בית | C11: 0 | D11: 0 | E11: =C11-D11 -> 0 | G11: גז | H11: 60 | I11: 30 | J11: =H11-I11 -> 30 | L11: משכורת | N11: 18805
B12: סך הכל דיור | C12: =sum(C9:C11) -> 2500 | D12: =sum(D9:D11) -> 2500 | E12: =sum(E9:E11) -> 0 | G12: תחזוקת בית | H12: 400 | I12: 162 | J12: =H12-I12 -> 238
B13: חיוניות | G13: סך הכל דיור | H13: =sum(H9:H12) -> 710 | I13: =sum(I9:I12) -> 460 | J13: =sum(J9:J12) -> 250
B14: ביטוח רכב | C14: 0 | D14: 0 | E14: =C14-D14 -> 0 | G14: חיוניות
B15: ביטוח בריאות | C15: 0 | D15: 0 | E15: =C15-D15 -> 0 | G15: מזון לבית | H15: 1400 | I15: 932 | J15: =H15-I15 -> 468
B16: הלוואות | C16: 0 | D16: 0 | E16: =C16-D16 -> 0 | G16: ביגוד והנעלה | H16: 700 | I16: 780 | J16: =H16-I16 -> -80 | L16: תזרים חודשי | N16: =N11-L7 -> 8050
B17: מנויים | C17: 13 | D17: 13 | E17: =C17-D17 -> 0 | G17: קוסמטיקה | H17: 300 | I17: 155 | J17: =H17-I17 -> 145
B18: דמי כרטיס | C18: 0 | D18: 0 | E18: =C18-D18 -> 0 | G18: תספורות | H18: 0 | I18: 0 | J18: =H18-I18 -> 0
B19: אינטרנט | C19: 141 | D19: 120 | E19: =C19-D19 -> 21 | G19: סופר פארם | H19: 0 | J19: =H19-I19 -> 0
B20: טלוויזיה | C20: 0 | D20: 0 | E20: =C20-D20 -> 0 | G20: סך הכל חיוניות | H20: =sum(H15:H19) -> 2400 | I20: =sum(I15:I19) -> 1867 | J20: =sum(J15:J19) -> 533
B21: טלפון | C21: 0 | D21: 0 | E21: =C21-D21 -> 0 | G21: מותרות | L21: תזרים חודשי בפועל | N21: =N11-M7 -> 8891.5
B22: אפליקציות | C22: 0 | D22: 0 | E22: =C22-D22 -> 0 | G22: אוכל בחוץ | H22: 200 | I22: 369.5 | J22: =H22-I22 -> -169.5
B23: גנים | C23: 0 | D23: 0 | E23: =C23-D23 -> 0 | G23: בילויים | H23: 0 | I23: 0 | J23: =H23-I23 -> 0
B24: קורסים | C24: 0 | D24: 0 | E24: =C24-D24 -> 0 | G24: אירועים | H24: 0 | I24: 0 | J24: =H24-I24 -> 0
B25: חסכון חודשי | C25: 0 | D25: 0 | E25: =C25-D25 -> 0 | G25: מתנות | H25: 0 | I25: 42 | J25: =H25-I25 -> -42
B26: השקעות | C26: 0 | D26: 0 | E26: =C26-D26 -> 0 | G26: סך הכל מותרות | H26: =sum(H22:H25) -> 200 | I26: =sum(I22:I25) -> 411.5 | J26: =sum(J22:J25) -> -211.5
B27: תחבורה ציבורית | C27: =210 -> 210 | D27: 272 | E27: =C27-D27 -> -62 | G27: רכב ותחבורה
B28: מעשרות | C28: 1881 | D28: 1821 | E28: =C28-D28 -> 60 | G28: סגריות | H28: 0 | I28: 0 | J28: =H28-I28 -> 0
C29: 0 | D29: 0 | E29: =C29-D29 -> 0 | G29: דלק | H29: 0 | I29: 0 | J29: =H29-I29 -> 0
C30: 0 | D30: 0 | E30: =C30-D30 -> 0 | G30: אחזקת רכב | H30: 0 | I30: 0 | J30: =H30-I30 -> 0
C31: 0 | D31: 0 | E31: =C31-D31 -> 0 | G31: דוחות | H31: 0 | I31: 0 | J31: =H31-I31 -> 0
C32: 0 | D32: 0 | E32: =C32-D32 -> 0 | G32: חניה | H32: 0 | I32: 0 | J32: =H32-I32 -> 0
C33: 0 | D33: 0 | E33: =C33-D33 -> 0 | G33: סך הכל רכב ותחבורה | H33: =sum(H28:H32) -> 0 | I33: =sum(I28:I32) -> 0 | J33: =sum(J28:J32) -> 0
C34: 0 | D34: 0 | E34: =C34-D34 -> 0 | G34: חינוך והשכלה
C35: 0 | D35: 0 | E35: =C35-D35 -> 0 | G35: ספרים | H35: 0 | I35: 0 | J35: =H35-I35 -> 0
C36: 0 | D36: 0 | E36: =C36-D36 -> 0 | G36: שכר לימוד | H36: 2700 | I36: 2449 | J36: =H36-I36 -> 251
C37: 0 | D37: 0 | E37: =C37-D37 -> 0 | G37: לימודי נדל"ן | H37: 0 | I37: 0 | J37: =H37-I37 -> 0
C38: 0 | D38: 0 | E38: =C38-D38 -> 0 | G38: נהיגה | H38: 0 | I38: 0 | J38: =H38-I38 -> 0
B39: סך הכל חיוניות | C39: =sum(C14:C38) -> 2245 | D39: =sum(D14:D38) -> 2226 | E39: =sum(E14:E38) -> 19 | G39: סך הכל חינוך והשכלה | H39: =sum(H35:H38) -> 2700 | I39: =sum(I35:I38) -> 2449 | J39: =sum(J35:J38) -> 251
B40: סה''כ קבועות | C40: =sum(C12,C39) -> 4745 | D40: =sum(D12,D39) -> 4726 | E40: =sum(E12,E39) -> 19 | G40: סה''כ משתנות | H40: =sum(H13,H20,H26,H33,H39) -> 6010 | I40: =sum(I13,I20,I26,I33,I39) -> 5187.5 | J40: =sum(J13,J20,J26,J33,J39) -> 822.5

Sheet פבואר 2.26
B3: תקציב חודשי
L5: סך הכל
B6: הוצאות קבועות | G6: הוצאות משתנות | L6: תקציב | M6: הוצאות בפועל | N6: יתרת תקציב
B7: הוצאות | C7: תקציב | D7: הוצאות בפועל | E7: יתרת תקציב | G7: הוצאות | H7: תקציב | I7: הוצאות בפועל | J7: יתרת תקציב | L7: =sum(C40,H40) -> 10466.4 | M7: =sum(D40,I40) -> 9306.4 | N7: =L7-M7 -> 1160
B8: דיור | G8: דיור
B9: שכר דירה \ משכנתה | C9: 2500 | D9: 2500 | E9: =C9-D9 -> 0 | G9: חשמל | H9: 0 | I9: 0 | J9: 0
B10: ארנונה | C10: 485 | D10: 485 | E10: =C10-D10 -> 0 | G10: מים | H10: 84.4 | I10: 84.4 | J10: =H10-I10 -> 0
B11: ועד בית | C11: 0 | D11: 0 | E11: =C11-D11 -> 0 | G11: גז | H11: 60 | I11: 0 | J11: =H11-I11 -> 60 | L11: משכורת | N11: 17946
B12: סך הכל דיור | C12: =sum(C9:C11) -> 2985 | D12: =sum(D9:D11) -> 2985 | E12: =sum(E9:E11) -> 0 | G12: תחזוקת בית | H12: 400 | I12: 83 | J12: 0
B13: חיוניות | G13: סך הכל דיור | H13: =sum(H9:H12) -> 544.4 | I13: =sum(I9:I12) -> 167.4 | J13: =sum(J9:J12) -> 60
B14: ביטוח רכב | C14: 0 | D14: 0 | E14: =C14-D14 -> 0 | G14: חיוניות
B15: ביטוח בריאות | C15: 0 | D15: 0 | E15: =C15-D15 -> 0 | G15: מזון לבית | H15: 1400 | I15: 1707 | J15: =H15-I15 -> -307
B16: הלוואות | C16: 0 | D16: 0 | E16: =C16-D16 -> 0 | G16: ביגוד והנעלה | H16: 400 | I16: 170 | J16: =H16-I16 -> 230 | L16: תזרים חודשי | N16: =N11-L7 -> 7479.6
B17: מנויים | C17: 13 | D17: 13 | E17: 0 | G17: קוסמטיקה | H17: 300 | I17: 0 | J17: =H17-I17 -> 300
B18: דמי כרטיס | C18: 0 | D18: 0 | E18: =C18-D18 -> 0 | G18: תספורות | H18: 0 | I18: 0 | J18: =H18-I18 -> 0
B19: אינטרנט | C19: 120 | D19: 0 | E19: 0 | G19: סופר פארם | H19: 0 | I19: 81 | J19: =H19-I19 -> -81
B20: טלוויזיה | C20: 0 | D20: 0 | E20: =C20-D20 -> 0 | G20: סך הכל חיוניות | H20: =sum(H15:H19) -> 2100 | I20: =sum(I15:I19) -> 1958 | J20: =sum(J15:J19) -> 142
B21: טלפון | C21: 0 | D21: 0 | E21: =C21-D21 -> 0 | G21: מותרות | L21: תזרים חודשי בפועל | N21: =N11-M7 -> 8639.6
B22: אפליקציות | C22: 0 | D22: 0 | E22: =C22-D22 -> 0 | G22: אוכל בחוץ | H22: 400 | I22: 79 | J22: =H22-I22 -> 321
B23: גנים | C23: 0 | D23: 0 | E23: =C23-D23 -> 0 | G23: בילויים | H23: 200 | I23: 0 | J23: =H23-I23 -> 200
B24: קורסים | C24: 0 | D24: 0 | E24: =C24-D24 -> 0 | G24: אירועים | H24: 0 | I24: 0 | J24: =H24-I24 -> 0
B25: חסכון חודשי | C25: 0 | D25: 0 | E25: =C25-D25 -> 0 | G25: מתנות | H25: 0 | I25: 1500 | J25: =H25-I25 -> -1500
B26: השקעות | C26: 0 | D26: 0 | E26: =C26-D26 -> 0 | G26: סך הכל מותרות | H26: =sum(H22:H25) -> 600 | I26: =sum(I22:I25) -> 1579 | J26: =sum(J22:J25) -> -979
B27: תחבורה ציבורית | C27: =370 -> 370 | D27: 239 | E27: 0 | G27: רכב ותחבורה
B28: מעשרות | C28: 1000 | D28: 0 | E28: 0 | G28: סגריות | H28: 0 | I28: 0 | J28: =H28-I28 -> 0
B29: ביטוח לאומי | C29: 0 | D29: 349 | E29: =C29-D29 -> -349 | G29: דלק | H29: 0 | I29: 0 | J29: =H29-I29 -> 0
C30: 0 | D30: 0 | E30: =C30-D30 -> 0 | G30: אחזקת רכב | H30: 0 | I30: 0 | J30: =H30-I30 -> 0
C31: 0 | D31: 0 | E31: =C31-D31 -> 0 | G31: דוחות | H31: 0 | I31: 0 | J31: =H31-I31 -> 0
C32: 0 | D32: 0 | E32: =C32-D32 -> 0 | G32: חניה | H32: 0 | I32: 0 | J32: =H32-I32 -> 0
C33: 0 | D33: 0 | E33: =C33-D33 -> 0 | G33: סך הכל רכב ותחבורה | H33: =sum(H28:H32) -> 0 | I33: =sum(I28:I32) -> 0 | J33: =sum(J28:J32) -> 0
C34: 0 | D34: 0 | E34: =C34-D34 -> 0 | G34: חינוך והשכלה
C35: 0 | D35: 0 | E35: =C35-D35 -> 0 | G35: ספרים | H35: 0 | I35: 0 | J35: =H35-I35 -> 0
C36: 0 | D36: 0 | E36: =C36-D36 -> 0 | G36: שכר לימוד | H36: 2700 | I36: 2016 | J36: =H36-I36 -> 684
C37: 0 | D37: 0 | E37: =C37-D37 -> 0 | G37: לימודי נדל"ן | H37: 34 | I37: 0 | J37: =H37-I37 -> 34
C38: 0 | D38: 0 | E38: =C38-D38 -> 0 | G38: נהיגה | H38: 0 | I38: 0 | J38: =H38-I38 -> 0
B39: סך הכל חיוניות | C39: =sum(C14:C38) -> 1503 | D39: =sum(D14:D38) -> 601 | E39: =sum(E14:E38) -> -349 | G39: סך הכל חינוך והשכלה | H39: =sum(H35:H38) -> 2734 | I39: =sum(I35:I38) -> 2016 | J39: =sum(J35:J38) -> 718
B40: סה''כ קבועות | C40: =sum(C12,C39) -> 4488 | D40: =sum(D12,D39) -> 3586 | E40: =sum(E12,E39) -> -349 | G40: סה''כ משתנות | H40: =sum(H13,H20,H26,H33,H39) -> 5978.4 | I40: =sum(I13,I20,I26,I33,I39) -> 5720.4 | J40: =sum(J13,J20,J26,J33,J39) -> -59

Sheet אפריל 4.26
B3: תקציב חודשי
L5: סך הכל
B6: הוצאות קבועות | G6: הוצאות משתנות | L6: תקציב | M6: הוצאות בפועל | N6: יתרת תקציב
B7: הוצאות | C7: תקציב | D7: הוצאות בפועל | E7: יתרת תקציב | G7: הוצאות | H7: תקציב | I7: הוצאות בפועל | J7: יתרת תקציב | L7: 9000 | M7: =sum(D41,I41) -> 15029.7 | N7: =L7-M7 -> -6029.7
B8: דיור | G8: דיור
B9: שכר דירה \ משכנתה | C9: 2500 | D9: 2500 | E9: =C9-D9 -> 0 | G9: חשמל | H9: 140 | I9: 73 | J9: 0
B10: ארנונה | C10: 0 | D10: 0 | E10: =C10-D10 -> 0 | G10: מים | H10: 88.7 | I10: 88.7 | J10: 0
B11: מניות | C11: 2500 | D11: 2500 | E11: =C11-D11 -> 0
B12: ועד בית | C12: 0 | D12: 0 | E12: =C12-D12 -> 0 | G12: גז | H12: 31 | I12: 31 | J12: =H12-I12 -> 0 | L12: משכורת | N12: 9000
B13: סך הכל דיור | C13: =sum(C9:C12) -> 5000 | D13: =sum(D9:D12) -> 5000 | E13: =sum(E9:E12) -> 0 | G13: תחזוקת בית | H13: 0 | I13: 0 | J13: 0
B14: חיוניות | G14: סך הכל דיור | H14: =sum(H9:H13) -> 259.7 | I14: =sum(I9:I13) -> 192.7 | J14: =sum(J9:J13) -> 0
B15: ביטוח רכב | C15: 1000 | D15: 244 | E15: =C15-D15 -> 756 | G15: חיוניות
B16: ביטוח בריאות | C16: 0 | D16: 0 | E16: =C16-D16 -> 0 | G16: מזון לבית | H16: 800 | I16: 1108 | J16: =H16-I16 -> -308
B17: הלוואות | C17: 0 | D17: 0 | E17: =C17-D17 -> 0 | G17: ביגוד והנעלה | H17: 0 | I17: 0 | J17: =H17-I17 -> 0 | L17: תזרים חודשי | N17: =N12-L7 -> 0
B18: מנויים | C18: 13 | D18: 0 | E18: 0 | G18: קוסמטיקה | H18: 150 | I18: 100 | J18: =H18-I18 -> 50
B19: דמי כרטיס | C19: 0 | D19: 0 | E19: =C19-D19 -> 0 | G19: תספורות | H19: 0 | I19: 0 | J19: =H19-I19 -> 0
B20: אינטרנט | C20: 120 | D20: 90 | E20: 0 | G20: סופר פארם | H20: 200 | I20: 194 | J20: =H20-I20 -> 6
B21: טלוויזיה | C21: 0 | D21: 0 | E21: =C21-D21 -> 0 | G21: סך הכל חיוניות | H21: =sum(H16:H20) -> 1150 | I21: =sum(I16:I20) -> 1402 | J21: =sum(J16:J20) -> -252
B22: טלפון | C22: 0 | D22: 0 | E22: =C22-D22 -> 0 | G22: מותרות | L22: תזרים חודשי בפועל | N22: =N12-M7 -> -6029.7
B23: אפליקציות | C23: 0 | D23: 0 | E23: =C23-D23 -> 0 | G23: אוכל בחוץ | H23: 0 | I23: 0 | J23: =H23-I23 -> 0
B24: גנים | C24: 0 | D24: 0 | E24: =C24-D24 -> 0 | G24: בילויים | H24: 0 | I24: 0 | J24: =H24-I24 -> 0
B25: קורסים | C25: 0 | D25: 0 | E25: =C25-D25 -> 0 | G25: אירועים | H25: 0 | I25: 0 | J25: =H25-I25 -> 0
B26: חסכון חודשי | C26: 0 | D26: 0 | E26: =C26-D26 -> 0 | G26: מתנות | H26: 0 | I26: 1947 | J26: =H26-I26 -> -1947
B27: השקעות | C27: 0 | D27: 0 | E27: =C27-D27 -> 0 | G27: סך הכל מותרות | H27: =sum(H23:H26) -> 0 | I27: =sum(I23:I26) -> 1947 | J27: =sum(J23:J26) -> -1947
B28: תחבורה ציבורית | C28: 250 | D28: 218 | E28: 0 | G28: רכב ותחבורה
B29: מעשרות | C29: 500 | D29: 0 | E29: 0 | G29: סגריות | H29: 0 | I29: 0 | J29: =H29-I29 -> 0
B30: ביטוח לאומי | C30: 0 | D30: 0 | E30: =C30-D30 -> 0 | G30: דלק | H30: 200 | I30: 1040 | J30: =H30-I30 -> -840
B31: תיקון מחשב | C31: 0 | D31: 200 | E31: =C31-D31 -> -200 | G31: אחזקת רכב | H31: 0 | I31: 0 | J31: =H31-I31 -> 0
C32: 0 | D32: 0 | E32: =C32-D32 -> 0 | G32: דוחות | H32: 0 | I32: 0 | J32: =H32-I32 -> 0
C33: 0 | D33: 0 | E33: =C33-D33 -> 0 | G33: חניה | H33: 0 | I33: 0 | J33: =H33-I33 -> 0
C34: 0 | D34: 0 | E34: =C34-D34 -> 0 | G34: סך הכל רכב ותחבורה | H34: =sum(H29:H33) -> 200 | I34: =sum(I29:I33) -> 1040 | J34: =sum(J29:J33) -> -840
C35: 0 | D35: 0 | E35: =C35-D35 -> 0 | G35: חינוך והשכלה
C36: 0 | D36: 0 | E36: =C36-D36 -> 0 | G36: ספרים | H36: 0 | I36: 0 | J36: =H36-I36 -> 0
C37: 0 | D37: 0 | E37: =C37-D37 -> 0 | G37: שכר לימוד | H37: 3500 | I37: 4696 | J37: 0
C38: 0 | D38: 0 | E38: =C38-D38 -> 0 | G38: לימודי נדל"ן | H38: 0 | I38: 0 | J38: 0
C39: 0 | D39: 0 | E39: =C39-D39 -> 0 | G39: נהיגה | H39: 0 | I39: 0 | J39: =H39-I39 -> 0
B40: סך הכל חיוניות | C40: =sum(C15:C39) -> 1883 | D40: =sum(D15:D39) -> 752 | E40: =sum(E15:E39) -> 556 | G40: סך הכל חינוך והשכלה | H40: =sum(H36:H39) -> 3500 | I40: =sum(I36:I39) -> 4696 | J40: =sum(J36:J39) -> 0
B41: סה''כ קבועות | C41: =sum(C13,C40) -> 6883 | D41: =sum(D13,D40) -> 5752 | E41: =sum(E13,E40) -> 556 | G41: סה''כ משתנות | H41: =sum(H14,H21,H27,H34,H40) -> 5109.7 | I41: =sum(I14,I21,I27,I34,I40) -> 9277.7 | J41: =sum(J14,J21,J27,J34,J40) -> -3039

Sheet מאי 5.26
B3: תקציב חודשי
L5: סך הכל
B6: הוצאות קבועות | G6: הוצאות משתנות | L6: תקציב | M6: הוצאות בפועל | N6: יתרת תקציב
B7: הוצאות | C7: תקציב | D7: הוצאות בפועל | E7: יתרת תקציב | G7: הוצאות | H7: תקציב | I7: הוצאות בפועל | J7: יתרת תקציב | L7: 9000 | M7: =sum(D41,I41) -> 8364 | N7: =L7-M7 -> 636
B8: דיור | G8: דיור
B9: שכר דירה \ משכנתה | C9: 2500 | D9: 2500 | E9: =C9-D9 -> 0 | G9: חשמל | H9: 140 | I9: 123 | J9: 0
B10: ארנונה | C10: 417 | D10: 417 | E10: =C10-D10 -> 0 | G10: מים | H10: 0 | I10: 0 | J10: 0
B11: מניות | C11: 2500 | D11: 2509 | E11: =C11-D11 -> -9 | G11: דלק | H11: 700 | I11: 450 | J11: 0
B12: ועד בית | C12: 0 | D12: 0 | E12: =C12-D12 -> 0 | G12: גז | H12: 31 | I12: 31 | J12: =H12-I12 -> 0 | L12: משכורת | N12: 16000
B13: סך הכל דיור | C13: =sum(C9:C12) -> 5417 | D13: =sum(D9:D12) -> 5426 | E13: =sum(E9:E12) -> -9 | G13: תחזוקת בית | H13: 0 | I13: 0 | J13: 0
B14: חיוניות | G14: סך הכל דיור | H14: =sum(H9:H13) -> 871 | I14: =sum(I9:I13) -> 604 | J14: =sum(J9:J13) -> 0
B15: ביטוח רכב | C15: 1900 | D15: 244 | E15: =C15-D15 -> 1656 | G15: חיוניות
B16: ביטוח בריאות | C16: 0 | D16: 0 | E16: =C16-D16 -> 0 | G16: מזון לבית | H16: 1000 | I16: 1072 | J16: =H16-I16 -> -72
B17: הלוואות | C17: 0 | D17: 0 | E17: =C17-D17 -> 0 | G17: ביגוד והנעלה | H17: 0 | I17: 0 | J17: =H17-I17 -> 0 | L17: תזרים חודשי | N17: =N12-L7 -> 7000
B18: מנויים | C18: 13 | D18: 106 | E18: 0 | G18: קוסמטיקה | H18: 150 | I18: 0 | J18: =H18-I18 -> 150
B19: דמי כרטיס | C19: 0 | D19: 0 | E19: =C19-D19 -> 0 | G19: תספורות | H19: 0 | I19: 0 | J19: =H19-I19 -> 0
B20: אינטרנט | C20: 120 | D20: 113 | E20: 0 | G20: סופר פארם | H20: 200 | I20: 0 | J20: =H20-I20 -> 200
B21: טלוויזיה | C21: 0 | D21: 0 | E21: =C21-D21 -> 0 | G21: סך הכל חיוניות | H21: =sum(H16:H20) -> 1350 | I21: =sum(I16:I20) -> 1072 | J21: =sum(J16:J20) -> 278
B22: טלפון | C22: 0 | D22: 0 | E22: =C22-D22 -> 0 | G22: מותרות | L22: תזרים חודשי בפועל | N22: =N12-M7 -> 7636
B23: אפליקציות | C23: 0 | D23: 0 | E23: =C23-D23 -> 0 | G23: אוכל בחוץ | H23: 300 | I23: 408 | J23: =H23-I23 -> -108
B24: גנים | C24: 0 | D24: 0 | E24: =C24-D24 -> 0 | G24: בילויים | H24: 0 | I24: 0 | J24: =H24-I24 -> 0
B25: קורסים | C25: 0 | D25: 0 | E25: =C25-D25 -> 0 | G25: אירועים | H25: 0 | I25: 0 | J25: =H25-I25 -> 0
B26: חסכון חודשי | C26: 0 | D26: 0 | E26: =C26-D26 -> 0 | G26: מתנות | H26: 0 | I26: 0 | J26: =H26-I26 -> 0
B27: השקעות | C27: 0 | D27: 0 | E27: =C27-D27 -> 0 | G27: סך הכל מותרות | H27: =sum(H23:H26) -> 300 | I27: =sum(I23:I26) -> 408 | J27: =sum(J23:J26) -> -108
B28: תחבורה ציבורית | C28: 250 | D28: 240 | E28: 0 | G28: רכב ותחבורה
B29: מעשרות | C29: 500 | D29: 0 | E29: 0 | G29: סגריות | H29: 0 | I29: 0 | J29: =H29-I29 -> 0
B30: ביטוח לאומי | C30: 0 | D30: 0 | E30: =C30-D30 -> 0 | G30: תיקונים | H30: 0 | I30: 0 | J30: 0
B31: תיקון מחשב | C31: 0 | D31: 0 | E31: 0 | G31: אחזקת רכב | H31: 0 | I31: 0 | J31: =H31-I31 -> 0
B32: מונית | C32: 0 | D32: 41 | E32: =C32-D32 -> -41 | G32: דוחות | H32: 0 | I32: 0 | J32: =H32-I32 -> 0
C33: 0 | D33: 0 | E33: =C33-D33 -> 0 | G33: חניה | H33: 0 | I33: 110 | J33: =H33-I33 -> -110
C34: 0 | D34: 0 | E34: =C34-D34 -> 0 | G34: סך הכל רכב ותחבורה | H34: =sum(H29:H33) -> 0 | I34: =sum(I29:I33) -> 110 | J34: =sum(J29:J33) -> -110
C35: 0 | D35: 0 | E35: =C35-D35 -> 0 | G35: חינוך והשכלה
C36: 0 | D36: 0 | E36: =C36-D36 -> 0 | G36: ספרים | H36: 0 | I36: 0 | J36: =H36-I36 -> 0
C37: 0 | D37: 0 | E37: =C37-D37 -> 0 | G37: שכר לימוד | H37: 0 | I37: 0 | J37: 0
C38: 0 | D38: 0 | E38: =C38-D38 -> 0 | G38: לימודי נדל"ן | H38: 0 | I38: 0 | J38: 0
C39: 0 | D39: 0 | E39: =C39-D39 -> 0 | G39: נהיגה | H39: 0 | I39: 0 | J39: =H39-I39 -> 0
B40: סך הכל חיוניות | C40: =sum(C15:C39) -> 2783 | D40: =sum(D15:D39) -> 744 | E40: =sum(E15:E39) -> 1615 | G40: סך הכל חינוך והשכלה | H40: =sum(H36:H39) -> 0 | I40: =sum(I36:I39) -> 0 | J40: =sum(J36:J39) -> 0
B41: סה''כ קבועות | C41: =sum(C13,C40) -> 8200 | D41: =sum(D13,D40) -> 6170 | E41: =sum(E13,E40) -> 1606 | G41: סה''כ משתנות | H41: =sum(H14,H21,H27,H34,H40) -> 2521 | I41: =sum(I14,I21,I27,I34,I40) -> 2194 | J41: =sum(J14,J21,J27,J34,J40) -> 60

Sheet יוני 6.26
B3: תקציב חודשי
L5: סך הכל
B6: הוצאות קבועות | G6: הוצאות משתנות | L6: תקציב | M6: הוצאות בפועל | N6: יתרת תקציב
B7: הוצאות | C7: תקציב | D7: הוצאות בפועל | E7: יתרת תקציב | G7: הוצאות | H7: תקציב | I7: הוצאות בפועל | J7: יתרת תקציב | L7: 9000 | M7: =sum(D41,I41) -> 13452 | N7: =L7-M7 -> -4452
B8: דיור | G8: דיור
B9: שכר דירה \ משכנתה | C9: 2500 | D9: 2500 | E9: =C9-D9 -> 0 | G9: חשמל | H9: 140 | I9: 86 | J9: 0
B10: ארנונה | C10: 417 | D10: 423 | E10: =C10-D10 -> -6 | G10: מים | H10: 86 | I10: 92 | J10: 0
B11: מניות | C11: 2500 | D11: 2538 | E11: =C11-D11 -> -38 | G11: דלק | H11: 700 | I11: 606 | J11: 0
B12: ועד בית | C12: 0 | D12: 0 | E12: =C12-D12 -> 0 | G12: גז | H12: 31 | I12: 0 | J12: =H12-I12 -> 31 | L12: משכורת | N12: 20200
B13: סך הכל דיור | C13: =sum(C9:C12) -> 5417 | D13: =sum(D9:D12) -> 5461 | E13: =sum(E9:E12) -> -44 | G13: תחזוקת בית | H13: 0 | I13: 35 | J13: 0
B14: חיוניות | G14: סך הכל דיור | H14: =sum(H9:H13) -> 957 | I14: =sum(I9:I13) -> 819 | J14: =sum(J9:J13) -> 31
B15: ביטוח רכב | C15: 244 | D15: 244 | E15: =C15-D15 -> 0 | G15: חיוניות
B16: ביטוח בריאות | C16: 0 | D16: 0 | E16: =C16-D16 -> 0 | G16: מזון לבית | H16: 1000 | I16: 1349 | J16: =H16-I16 -> -349
B17: הלוואות | C17: 0 | D17: 0 | E17: =C17-D17 -> 0 | G17: ביגוד והנעלה | H17: 0 | I17: 35 | J17: =H17-I17 -> -35 | L17: תזרים חודשי | N17: =N12-L7 -> 11200
B18: מנויים | C18: 13 | D18: 13 | E18: 0 | G18: קוסמטיקה | H18: 150 | I18: 0 | J18: =H18-I18 -> 150
B19: דמי כרטיס | C19: 0 | D19: 0 | E19: =C19-D19 -> 0 | G19: תספורות | H19: 0 | I19: 0 | J19: =H19-I19 -> 0
B20: אינטרנט | C20: 120 | D20: 117 | E20: 0 | G20: סופר פארם | H20: 200 | I20: 0 | J20: =H20-I20 -> 200
B21: טלוויזיה | C21: 0 | D21: 0 | E21: =C21-D21 -> 0 | G21: סך הכל חיוניות | H21: =sum(H16:H20) -> 1350 | I21: =sum(I16:I20) -> 1384 | J21: =sum(J16:J20) -> -34
B22: טלפון | C22: 0 | D22: 0 | E22: =C22-D22 -> 0 | G22: מותרות | L22: תזרים חודשי בפועל | N22: =N12-M7 -> 6748
B23: אפליקציות | C23: 0 | D23: 0 | E23: =C23-D23 -> 0 | G23: אוכל בחוץ | H23: 300 | I23: 252 | J23: =H23-I23 -> 48
B24: גנים | C24: 0 | D24: 0 | E24: =C24-D24 -> 0 | G24: בילויים | H24: 0 | I24: 100 | J24: =H24-I24 -> -100
B25: קורסים | C25: 0 | D25: 0 | E25: =C25-D25 -> 0 | G25: אירועים | H25: 0 | I25: 0 | J25: =H25-I25 -> 0
B26: חסכון חודשי | C26: 0 | D26: 0 | E26: =C26-D26 -> 0 | G26: מתנות | H26: 0 | I26: 1150 | J26: =H26-I26 -> -1150
B27: השקעות | C27: 0 | D27: 0 | E27: =C27-D27 -> 0 | G27: סך הכל מותרות | H27: =sum(H23:H26) -> 300 | I27: =sum(I23:I26) -> 1502 | J27: =sum(J23:J26) -> -1202
B28: תחבורה ציבורית | C28: 250 | D28: 210 | E28: 0 | G28: רכב ותחבורה
B29: מעשרות | C29: 500 | D29: 525 | E29: 0 | G29: סגריות | H29: 0 | I29: 0 | J29: =H29-I29 -> 0
B30: ביטוח לאומי | C30: 0 | D30: 0 | E30: =C30-D30 -> 0 | G30: תיקונים | H30: 0 | I30: 0 | J30: 0
B31: תיקון מחשב | C31: 0 | D31: 0 | E31: 0 | G31: אחזקת רכב | H31: 0 | I31: 397 | J31: =H31-I31 -> -397
B32: מונית | C32: 0 | D32: 0 | E32: =C32-D32 -> 0 | G32: דוחות | H32: 0 | I32: 0 | J32: =H32-I32 -> 0
C33: 0 | D33: 0 | E33: =C33-D33 -> 0 | G33: חניה | H33: 100 | I33: 0 | J33: =H33-I33 -> 100
C34: 0 | D34: 0 | E34: =C34-D34 -> 0 | G34: סך הכל רכב ותחבורה | H34: =sum(H29:H33) -> 100 | I34: =sum(I29:I33) -> 397 | J34: =sum(J29:J33) -> -297
C35: 0 | D35: 0 | E35: =C35-D35 -> 0 | G35: חינוך והשכלה
C36: 0 | D36: 0 | E36: =C36-D36 -> 0 | G36: ספרים | H36: 0 | I36: 0 | J36: =H36-I36 -> 0
C37: 0 | D37: 0 | E37: =C37-D37 -> 0 | G37: שכר לימוד | H37: 0 | I37: 0 | J37: 0
C38: 0 | D38: 0 | E38: =C38-D38 -> 0 | G38: לימודי נדל"ן | H38: 0 | I38: 0 | J38: 0
C39: 0 | D39: 0 | E39: =C39-D39 -> 0 | G39: נהיגה | H39: 2400 | I39: 2780 | J39: =H39-I39 -> -380
B40: סך הכל חיוניות | C40: =sum(C15:C39) -> 1127 | D40: =sum(D15:D39) -> 1109 | E40: =sum(E15:E39) -> 0 | G40: סך הכל חינוך והשכלה | H40: =sum(H36:H39) -> 2400 | I40: =sum(I36:I39) -> 2780 | J40: =sum(J36:J39) -> -380
B41: סה''כ קבועות | C41: =sum(C13,C40) -> 6544 | D41: =sum(D13,D40) -> 6570 | E41: =sum(E13,E40) -> -44 | G41: סה''כ משתנות | H41: =sum(H14,H21,H27,H34,H40) -> 5107 | I41: =sum(I14,I21,I27,I34,I40) -> 6882 | J41: =sum(J14,J21,J27,J34,J40) -> -1882

Sheet יולי 7.26
B3: תקציב חודשי
L5: סך הכל
B6: הוצאות קבועות | G6: הוצאות משתנות | L6: תקציב | M6: הוצאות בפועל | N6: יתרת תקציב
B7: הוצאות | C7: תקציב | D7: הוצאות בפועל | E7: יתרת תקציב | G7: הוצאות | H7: תקציב | I7: הוצאות בפועל | J7: יתרת תקציב | L7: 9000 | M7: =sum(D41,I41) -> 15772 | N7: =L7-M7 -> -6772
B8: דיור | G8: דיור
B9: שכר דירה \ משכנתה | C9: 2500 | D9: 2500 | E9: =C9-D9 -> 0 | G9: חשמל | H9: 140 | I9: 67 | J9: 0
B10: ארנונה | C10: 0 | D10: 0 | E10: =C10-D10 -> 0 | G10: מים | H10: 86 | I10: 0 | J10: 0
B11: מניות | C11: 2500 | D11: 2531 | E11: =C11-D11 -> -31 | G11: דלק | H11: 700 | I11: 650 | J11: 0
B12: ועד בית | C12: 0 | D12: 0 | E12: =C12-D12 -> 0 | G12: גז | H12: 31 | I12: 29 | J12: =H12-I12 -> 2 | L12: משכורת | N12: 17840
B13: סך הכל דיור | C13: =sum(C9:C12) -> 5000 | D13: =sum(D9:D12) -> 5031 | E13: =sum(E9:E12) -> -31 | G13: תחזוקת בית | H13: 0 | I13: 0 | J13: 0
B14: חיוניות | G14: סך הכל דיור | H14: =sum(H9:H13) -> 957 | I14: =sum(I9:I13) -> 746 | J14: =sum(J9:J13) -> 2
B15: ביטוח רכב | C15: 244 | D15: 244 | E15: =C15-D15 -> 0 | G15: חיוניות
B16: ביטוח בריאות | C16: 0 | D16: 0 | E16: =C16-D16 -> 0 | G16: מזון לבית | H16: 1400 | I16: 1700 | J16: =H16-I16 -> -300
B17: הלוואות | C17: 0 | D17: 0 | E17: =C17-D17 -> 0 | G17: ביגוד והנעלה | H17: 0 | I17: 0 | J17: =H17-I17 -> 0 | L17: תזרים חודשי | N17: =N12-L7 -> 8840
B18: מנויים | C18: 13 | D18: 13 | E18: 0 | G18: קוסמטיקה | H18: 150 | I18: 0 | J18: =H18-I18 -> 150
B19: דמי כרטיס | C19: 0 | D19: 0 | E19: =C19-D19 -> 0 | G19: תספורות | H19: 0 | I19: 0 | J19: =H19-I19 -> 0
B20: אינטרנט | C20: 120 | D20: 118 | E20: 0 | G20: סופר פארם | H20: 200 | I20: 331 | J20: =H20-I20 -> -131
B21: טלוויזיה | C21: 0 | D21: 0 | E21: =C21-D21 -> 0 | G21: סך הכל חיוניות | H21: =sum(H16:H20) -> 1750 | I21: =sum(I16:I20) -> 2031 | J21: =sum(J16:J20) -> -281
B22: טלפון | C22: 0 | D22: 0 | E22: =C22-D22 -> 0 | G22: מותרות | L22: תזרים חודשי בפועל | N22: =N12-M7 -> 2068
B23: אפליקציות | C23: 0 | D23: 0 | E23: =C23-D23 -> 0 | G23: אוכל בחוץ | H23: 300 | I23: 155 | J23: =H23-I23 -> 145
B24: גנים | C24: 0 | D24: 0 | E24: =C24-D24 -> 0 | G24: בילויים | H24: 0 | I24: 0 | J24: =H24-I24 -> 0
B25: קורסים | C25: 0 | D25: 0 | E25: =C25-D25 -> 0 | G25: אירועים | H25: 0 | I25: 0 | J25: =H25-I25 -> 0
B26: חסכון חודשי | C26: 0 | D26: 0 | E26: =C26-D26 -> 0 | G26: מתנות | H26: 0 | I26: 680 | J26: =H26-I26 -> -680
B27: השקעות | C27: 0 | D27: 0 | E27: =C27-D27 -> 0 | G27: סך הכל מותרות | H27: =sum(H23:H26) -> 300 | I27: =sum(I23:I26) -> 835 | J27: =sum(J23:J26) -> -535
B28: תחבורה ציבורית | C28: 250 | D28: 210 | E28: 0 | G28: רכב ותחבורה
B29: מעשרות | C29: 1000 | D29: 1150 | E29: 0 | G29: סגריות | H29: 0 | I29: 0 | J29: =H29-I29 -> 0
B30: ביטוח לאומי | C30: 0 | D30: 0 | E30: =C30-D30 -> 0 | G30: תיקונים | H30: 0 | I30: 0 | J30: 0
B31: תיקון מחשב | C31: 0 | D31: 0 | E31: 0 | G31: אחזקת רכב | H31: 0 | I31: 38 | J31: =H31-I31 -> -38
B32: מונית | C32: 0 | D32: 56 | E32: =C32-D32 -> -56 | G32: דוחות | H32: 0 | I32: 0 | J32: =H32-I32 -> 0
C33: 0 | D33: 0 | E33: =C33-D33 -> 0 | G33: חניה | H33: 100 | I33: 0 | J33: =H33-I33 -> 100
C34: 0 | D34: 0 | E34: =C34-D34 -> 0 | G34: סך הכל רכב ותחבורה | H34: =sum(H29:H33) -> 100 | I34: =sum(I29:I33) -> 38 | J34: =sum(J29:J33) -> 62
C35: 0 | D35: 0 | E35: =C35-D35 -> 0 | G35: חינוך והשכלה
C36: 0 | D36: 0 | E36: =C36-D36 -> 0 | G36: ספרים | H36: 0 | I36: 0 | J36: =H36-I36 -> 0
C37: 0 | D37: 0 | E37: =C37-D37 -> 0 | G37: שכר לימוד | H37: 0 | I37: 5300 | J37: 0
C38: 0 | D38: 0 | E38: =C38-D38 -> 0 | G38: לימודי נדל"ן | H38: 0 | I38: 0 | J38: 0
C39: 0 | D39: 0 | E39: =C39-D39 -> 0 | G39: נהיגה | H39: 0 | I39: 0 | J39: =H39-I39 -> 0
B40: סך הכל חיוניות | C40: =sum(C15:C39) -> 1627 | D40: =sum(D15:D39) -> 1791 | E40: =sum(E15:E39) -> -56 | G40: סך הכל חינוך והשכלה | H40: =sum(H36:H39) -> 0 | I40: =sum(I36:I39) -> 5300 | J40: =sum(J36:J39) -> 0
B41: סה''כ קבועות | C41: =sum(C13,C40) -> 6627 | D41: =sum(D13,D40) -> 6822 | E41: =sum(E13,E40) -> -87 | G41: סה''כ משתנות | H41: =sum(H14,H21,H27,H34,H40) -> 3107 | I41: =sum(I14,I21,I27,I34,I40) -> 8950 | J41: =sum(J14,J21,J27,J34,J40) -> -752

Sheet אוגוסט 8.26
B3: תקציב חודשי
L5: סך הכל
B6: הוצאות קבועות | G6: הוצאות משתנות | L6: תקציב | M6: הוצאות בפועל | N6: יתרת תקציב
B7: הוצאות | C7: תקציב | D7: הוצאות בפועל | E7: יתרת תקציב | G7: הוצאות | H7: תקציב | I7: הוצאות בפועל | J7: יתרת תקציב | L7: 11000 | M7: =sum(D41,I41) -> 16993 | N7: =L7-M7 -> -5993
B8: דיור | G8: דיור
B9: שכר דירה \ משכנתה | C9: 2800 | D9: 2800 | E9: =C9-D9 -> 0 | G9: חשמל | H9: 140 | I9: 120 | J9: 0
B10: ארנונה | C10: 0 | D10: 0 | E10: =C10-D10 -> 0 | G10: מים | H10: 86 | I10: 0 | J10: 0
B11: מניות | C11: 3000 | D11: 3400 | E11: =C11-D11 -> -400 | G11: דלק | H11: 700 | I11: 763 | J11: 0
B12: ועד בית | C12: 0 | D12: 0 | E12: =C12-D12 -> 0 | G12: גז | H12: 31 | I12: 0 | J12: =H12-I12 -> 31 | L12: משכורת | N12: 16200
B13: סך הכל דיור | C13: =sum(C9:C12) -> 5800 | D13: =sum(D9:D12) -> 6200 | E13: =sum(E9:E12) -> -400 | G13: תחזוקת בית | H13: 0 | I13: 0 | J13: 0
B14: חיוניות | G14: סך הכל דיור | H14: =sum(H9:H13) -> 957 | I14: =sum(I9:I13) -> 883 | J14: =sum(J9:J13) -> 31
B15: ביטוח רכב | C15: 244 | D15: 4879 | E15: =C15-D15 -> -4635 | G15: חיוניות
B16: ביטוח בריאות | C16: 0 | D16: 0 | E16: =C16-D16 -> 0 | G16: מזון לבית | H16: 1400 | I16: 958 | J16: =H16-I16 -> 442
B17: הלוואות | C17: 0 | D17: 0 | E17: =C17-D17 -> 0 | G17: ביגוד והנעלה | H17: 0 | I17: 1383 | J17: =H17-I17 -> -1383 | L17: תזרים חודשי | N17: =N12-L7 -> 5200
B18: מנויים | C18: 13 | D18: 13 | E18: 0 | G18: קוסמטיקה | H18: 150 | I18: 0 | J18: =H18-I18 -> 150
B19: דמי כרטיס | C19: 0 | D19: 0 | E19: =C19-D19 -> 0 | G19: תספורות | H19: 0 | I19: 0 | J19: =H19-I19 -> 0
B20: אינטרנט | C20: 120 | D20: 118 | E20: 0 | G20: סופר פארם | H20: 200 | I20: 204 | J20: =H20-I20 -> -4
B21: טלוויזיה | C21: 0 | D21: 0 | E21: =C21-D21 -> 0 | G21: סך הכל חיוניות | H21: =sum(H16:H20) -> 1750 | I21: =sum(I16:I20) -> 2545 | J21: =sum(J16:J20) -> -795
B22: טלפון | C22: 0 | D22: 0 | E22: =C22-D22 -> 0 | G22: מותרות | L22: תזרים חודשי בפועל | N22: =N12-M7 -> -793
B23: אפליקציות | C23: 0 | D23: 0 | E23: =C23-D23 -> 0 | G23: אוכל בחוץ | H23: 300 | I23: 76 | J23: =H23-I23 -> 224
B24: גנים | C24: 0 | D24: 0 | E24: =C24-D24 -> 0 | G24: בילויים | H24: 600 | I24: 792 | J24: =H24-I24 -> -192
B25: קורסים | C25: 0 | D25: 0 | E25: =C25-D25 -> 0 | G25: אירועים | H25: 0 | I25: 0 | J25: =H25-I25 -> 0
B26: חסכון חודשי | C26: 0 | D26: 0 | E26: =C26-D26 -> 0 | G26: מתנות | H26: 1000 | I26: 668 | J26: =H26-I26 -> 332
B27: השקעות | C27: 0 | D27: 0 | E27: =C27-D27 -> 0 | G27: סך הכל מותרות | H27: =sum(H23:H26) -> 1900 | I27: =sum(I23:I26) -> 1536 | J27: =sum(J23:J26) -> 364
B28: תחבורה ציבורית | C28: 250 | D28: 0 | E28: 0 | G28: רכב ותחבורה
B29: מעשרות | C29: 1000 | D29: 200 | E29: 0 | G29: סגריות | H29: 0 | I29: 0 | J29: =H29-I29 -> 0
B30: ביטוח לאומי | C30: 0 | D30: 0 | E30: =C30-D30 -> 0 | G30: תיקונים | H30: 0 | I30: 0 | J30: 0
B31: תיקון מחשב | C31: 0 | D31: 0 | E31: 0 | G31: אחזקת רכב | H31: 0 | I31: 0 | J31: =H31-I31 -> 0
B32: מונית | C32: 0 | D32: 0 | E32: =C32-D32 -> 0 | G32: דוחות | H32: 0 | I32: 500 | J32: =H32-I32 -> -500
B33: תחביבים | C33: 0 | D33: 119 | E33: =C33-D33 -> -119 | G33: חניה | H33: 100 | I33: 0 | J33: =H33-I33 -> 100
C34: 0 | D34: 0 | E34: =C34-D34 -> 0 | G34: סך הכל רכב ותחבורה | H34: =sum(H29:H33) -> 100 | I34: =sum(I29:I33) -> 500 | J34: =sum(J29:J33) -> -400
C35: 0 | D35: 0 | E35: =C35-D35 -> 0 | G35: חינוך והשכלה
C36: 0 | D36: 0 | E36: =C36-D36 -> 0 | G36: ספרים | H36: 0 | I36: 0 | J36: =H36-I36 -> 0
C37: 0 | D37: 0 | E37: =C37-D37 -> 0 | G37: שכר לימוד | H37: 0 | I37: 0 | J37: 0
C38: 0 | D38: 0 | E38: =C38-D38 -> 0 | G38: לימודי נדל"ן | H38: 0 | I38: 0 | J38: 0
C39: 0 | D39: 0 | E39: =C39-D39 -> 0 | G39: נהיגה | H39: 0 | I39: 0 | J39: =H39-I39 -> 0
B40: סך הכל חיוניות | C40: =sum(C15:C39) -> 1627 | D40: =sum(D15:D39) -> 5329 | E40: =sum(E15:E39) -> -4754 | G40: סך הכל חינוך והשכלה | H40: =sum(H36:H39) -> 0 | I40: =sum(I36:I39) -> 0 | J40: =sum(J36:J39) -> 0
B41: סה''כ קבועות | C41: =sum(C13,C40) -> 7427 | D41: =sum(D13,D40) -> 11529 | E41: =sum(E13,E40) -> -5154 | G41: סה''כ משתנות | H41: =sum(H14,H21,H27,H34,H40) -> 4707 | I41: =sum(I14,I21,I27,I34,I40) -> 5464 | J41: =sum(J14,J21,J27,J34,J40) -> -800

Sheet ספטמבר 9.26
B3: תקציב חודשי
L5: סך הכל
B6: הוצאות קבועות | G6: הוצאות משתנות | L6: תקציב | M6: הוצאות בפועל | N6: יתרת תקציב
B7: הוצאות | C7: תקציב | D7: הוצאות בפועל | E7: יתרת תקציב | G7: הוצאות | H7: תקציב | I7: הוצאות בפועל | J7: יתרת תקציב | L7: 11000 | M7: =sum(D41,I41) -> 2800 | N7: =L7-M7 -> 8200
B8: דיור | G8: דיור
B9: שכר דירה \ משכנתה | C9: 2800 | D9: 2800 | E9: =C9-D9 -> 0 | G9: חשמל | H9: 140 | I9: 0 | J9: 0
B10: ארנונה | C10: 410 | D10: 0 | E10: =C10-D10 -> 410 | G10: מים | H10: 86 | I10: 0 | J10: 0
B11: מניות | C11: 3000 | D11: 0 | E11: =C11-D11 -> 3000 | G11: דלק | H11: 700 | I11: 0 | J11: 0
B12: ועד בית | C12: 0 | D12: 0 | E12: =C12-D12 -> 0 | G12: גז | H12: 31 | I12: 0 | J12: =H12-I12 -> 31 | L12: משכורת | N12: 15100
B13: סך הכל דיור | C13: =sum(C9:C12) -> 6210 | D13: =sum(D9:D12) -> 2800 | E13: =sum(E9:E12) -> 3410 | G13: תחזוקת בית | H13: 0 | I13: 0 | J13: 0
B14: חיוניות | G14: סך הכל דיור | H14: =sum(H9:H13) -> 957 | I14: =sum(I9:I13) -> 0 | J14: =sum(J9:J13) -> 31
B15: ביטוח רכב | C15: 244 | D15: 0 | E15: =C15-D15 -> 244 | G15: חיוניות
B16: ביטוח בריאות | C16: 0 | D16: 0 | E16: =C16-D16 -> 0 | G16: מזון לבית | H16: 1400 | I16: 0 | J16: =H16-I16 -> 1400
B17: הלוואות | C17: 0 | D17: 0 | E17: =C17-D17 -> 0 | G17: ביגוד והנעלה | H17: 0 | I17: 0 | J17: =H17-I17 -> 0 | L17: תזרים חודשי | N17: =N12-L7 -> 4100
B18: מנויים | C18: 13 | D18: 0 | E18: 0 | G18: קוסמטיקה | H18: 150 | I18: 0 | J18: =H18-I18 -> 150
B19: דמי כרטיס | C19: 0 | D19: 0 | E19: =C19-D19 -> 0 | G19: תספורות | H19: 0 | I19: 0 | J19: =H19-I19 -> 0
B20: אינטרנט | C20: 120 | D20: 0 | E20: 0 | G20: סופר פארם | H20: 200 | I20: 0 | J20: =H20-I20 -> 200
B21: טלוויזיה | C21: 0 | D21: 0 | E21: =C21-D21 -> 0 | G21: סך הכל חיוניות | H21: =sum(H16:H20) -> 1750 | I21: =sum(I16:I20) -> 0 | J21: =sum(J16:J20) -> 1750
B22: טלפון | C22: 0 | D22: 0 | E22: =C22-D22 -> 0 | G22: מותרות | L22: תזרים חודשי בפועל | N22: =N12-M7 -> 12300
B23: אפליקציות | C23: 0 | D23: 0 | E23: =C23-D23 -> 0 | G23: אוכל בחוץ | H23: 300 | I23: 0 | J23: =H23-I23 -> 300
B24: גנים | C24: 0 | D24: 0 | E24: =C24-D24 -> 0 | G24: בילויים | H24: 600 | I24: 0 | J24: =H24-I24 -> 600
B25: קורסים | C25: 0 | D25: 0 | E25: =C25-D25 -> 0 | G25: אירועים | H25: 0 | I25: 0 | J25: =H25-I25 -> 0
B26: חסכון חודשי | C26: 0 | D26: 0 | E26: =C26-D26 -> 0 | G26: מתנות | H26: 0 | I26: 0 | J26: =H26-I26 -> 0
B27: השקעות | C27: 0 | D27: 0 | E27: =C27-D27 -> 0 | G27: סך הכל מותרות | H27: =sum(H23:H26) -> 900 | I27: =sum(I23:I26) -> 0 | J27: =sum(J23:J26) -> 900
B28: תחבורה ציבורית | C28: 250 | D28: 0 | E28: 0 | G28: רכב ותחבורה
B29: מעשרות | C29: 1000 | D29: 0 | E29: 0 | G29: סגריות | H29: 0 | I29: 0 | J29: =H29-I29 -> 0
B30: ביטוח לאומי | C30: 0 | D30: 0 | E30: =C30-D30 -> 0 | G30: תיקונים | H30: 0 | I30: 0 | J30: 0
B31: תיקון מחשב | C31: 0 | D31: 0 | E31: 0 | G31: אחזקת רכב | H31: 0 | I31: 0 | J31: =H31-I31 -> 0
B32: מונית | C32: 0 | D32: 0 | E32: =C32-D32 -> 0 | G32: דוחות | H32: 0 | I32: 0 | J32: =H32-I32 -> 0
B33: תחביבים | C33: 0 | D33: 0 | E33: =C33-D33 -> 0 | G33: חניה | H33: 100 | I33: 0 | J33: =H33-I33 -> 100
C34: 0 | D34: 0 | E34: =C34-D34 -> 0 | G34: סך הכל רכב ותחבורה | H34: =sum(H29:H33) -> 100 | I34: =sum(I29:I33) -> 0 | J34: =sum(J29:J33) -> 100
C35: 0 | D35: 0 | E35: =C35-D35 -> 0 | G35: חינוך והשכלה
C36: 0 | D36: 0 | E36: =C36-D36 -> 0 | G36: ספרים | H36: 0 | I36: 0 | J36: =H36-I36 -> 0
C37: 0 | D37: 0 | E37: =C37-D37 -> 0 | G37: שכר לימוד | H37: 0 | I37: 0 | J37: 0
C38: 0 | D38: 0 | E38: =C38-D38 -> 0 | G38: לימודי נדל"ן | H38: 0 | I38: 0 | J38: 0
C39: 0 | D39: 0 | E39: =C39-D39 -> 0 | G39: נהיגה | H39: 0 | I39: 0 | J39: =H39-I39 -> 0
B40: סך הכל חיוניות | C40: =sum(C15:C39) -> 1627 | D40: =sum(D15:D39) -> 0 | E40: =sum(E15:E39) -> 244 | G40: סך הכל חינוך והשכלה | H40: =sum(H36:H39) -> 0 | I40: =sum(I36:I39) -> 0 | J40: =sum(J36:J39) -> 0
B41: סה''כ קבועות | C41: =sum(C13,C40) -> 7837 | D41: =sum(D13,D40) -> 2800 | E41: =sum(E13,E40) -> 3654 | G41: סה''כ משתנות | H41: =sum(H14,H21,H27,H34,H40) -> 3707 | I41: =sum(I14,I21,I27,I34,I40) -> 0 | J41: =sum(J14,J21,J27,J34,J40) -> 2781

Sheet סיכום שנתי
N4: ממוצע הכנסות שנתי | Q4: ממוצע הוצאות שנתי
D7: חודש | F7: הכנסות | G7: הוצאות | N7: =average(F8:F19) -> #REF! | Q7: =average(G8:G19) -> #REF!
D8: ינואר | F8: =sum('ינואר 01'!N11) -> #REF! | G8: =sum('ינואר 01'!M7) -> #REF!
D9: פברואר | F9: =sum('פברואר 02'!N11) -> #REF! | G9: =sum('פברואר 02'!M7) -> #REF!
D10: מרץ | F10: =sum('מרץ 03'!N11) -> #REF! | G10: =sum('מרץ 03'!M7) -> #REF!
D11: אפריל | F11: =sum('אפריל 04'!N11) -> #REF! | G11: =sum('אפריל 04'!M7) -> #REF!
D12: מאי | F12: =sum('מאי 05'!N11) -> #REF! | G12: =sum('מאי 05'!M7) -> #REF!
D13: יוני | F13: =sum('יוני 06'!N11) -> #REF! | G13: =sum('יוני 06'!M7) -> #REF! | O13: ממוצע תזרים שנתי
D14: יולי | F14: =sum('יולי 07'!N11) -> #REF! | G14: =sum('יולי 07'!M7) -> #REF!
D15: אוגוסט | F15: =sum('אוגוסט 08'!N11) -> #REF! | G15: =sum('אוגוסט 08'!M7) -> #REF!
D16: ספטמבר | F16: =sum('ספטמבר 09'!N11) -> #REF! | G16: =sum('ספטמבר 09'!M7) -> #REF! | O16: =N7-Q7 -> #REF!
D17: אוקטובר | F17: =sum('אוקטובר 10'!N11) -> #REF! | G17: =sum('אוקטובר 10'!M7) -> #REF!
D18: נובמבר | F18: =sum('נובמבר 11'!N11) -> #REF! | G18: =sum('נובמבר 11'!M7) -> #REF!
D19: דצמבר | F19: =sum('דצמבר 12'!N11) -> 13236 | G19: =sum('דצמבר 12'!M7) -> 14042
